<?xml version="1.0" encoding="UTF-8"?>

<beans xmlns="http://www.springframework.org/schema/beans"
    xmlns:xsi="http://www.w3.org/2001/XMLSchema-instance" xmlns:context="http://www.springframework.org/schema/context"
    xsi:schemaLocation="http://www.springframework.org/schema/beans
    http://www.springframework.org/schema/beans/spring-beans.xsd
    http://www.springframework.org/schema/context
    http://www.springframework.org/schema/context/spring-context.xsd">
    
    <bean id="emp1"    class="co.SpringDemo.Employee">
    <property name="eid" value="210"/>
    <property name="ename" value="Sagar Chadderwala"/>
    <property name="esalary" value="70000"/>
    </bean>
   
    <bean id="emp2"    class="co.SpringDemo.Employee">
    <property name="eid" value="211"/>
    <property name="ename" value="John Williams"/>
    <property name="esalary" value="65000"/>
    </bean>
 
 </bean>

